id,name,dob,condition,credit_card,address
729,SURPRISE_MOTHER_FUCKER,SURPRISE_MOTHER_FUCKER,SURPRISE_MOTHER_FUCKER,SURPRISE_MOTHER_FUCKER,SURPRISE_MOTHER_FUCKER
730,SURPRISE_MOTHER_FUCKER,SURPRISE_MOTHER_FUCKER,SURPRISE_MOTHER_FUCKER,SURPRISE_MOTHER_FUCKER,SURPRISE_MOTHER_FUCKER
731,SURPRISE_MOTHER_FUCKER,SURPRISE_MOTHER_FUCKER,SURPRISE_MOTHER_FUCKER,SURPRISE_MOTHER_FUCKER,SURPRISE_MOTHER_FUCKER
732,SURPRISE_MOTHER_FUCKER,SURPRISE_MOTHER_FUCKER,SURPRISE_MOTHER_FUCKER,SURPRISE_MOTHER_FUCKER,SURPRISE_MOTHER_FUCKER
733,SURPRISE_MOTHER_FUCKER,SURPRISE_MOTHER_FUCKER,SURPRISE_MOTHER_FUCKER,SURPRISE_MOTHER_FUCKER,SURPRISE_MOTHER_FUCKER
734,SURPRISE_MOTHER_FUCKER,SURPRISE_MOTHER_FUCKER,SURPRISE_MOTHER_FUCKER,SURPRISE_MOTHER_FUCKER,SURPRISE_MOTHER_FUCKER
735,SURPRISE_MOTHER_FUCKER,SURPRISE_MOTHER_FUCKER,SURPRISE_MOTHER_FUCKER,SURPRISE_MOTHER_FUCKER,SURPRISE_MOTHER_FUCKER
736,SURPRISE_MOTHER_FUCKER,SURPRISE_MOTHER_FUCKER,SURPRISE_MOTHER_FUCKER,SURPRISE_MOTHER_FUCKER,SURPRISE_MOTHER_FUCKER
737,SURPRISE_MOTHER_FUCKER,SURPRISE_MOTHER_FUCKER,SURPRISE_MOTHER_FUCKER,SURPRISE_MOTHER_FUCKER,SURPRISE_MOTHER_FUCKER
738,SURPRISE_MOTHER_FUCKER,SURPRISE_MOTHER_FUCKER,SURPRISE_MOTHER_FUCKER,SURPRISE_MOTHER_FUCKER,SURPRISE_MOTHER_FUCKER
739,SURPRISE_MOTHER_FUCKER,SURPRISE_MOTHER_FUCKER,SURPRISE_MOTHER_FUCKER,SURPRISE_MOTHER_FUCKER,SURPRISE_MOTHER_FUCKER
740,SURPRISE_MOTHER_FUCKER,SURPRISE_MOTHER_FUCKER,SURPRISE_MOTHER_FUCKER,SURPRISE_MOTHER_FUCKER,SURPRISE_MOTHER_FUCKER
741,SURPRISE_MOTHER_FUCKER,SURPRISE_MOTHER_FUCKER,SURPRISE_MOTHER_FUCKER,SURPRISE_MOTHER_FUCKER,SURPRISE_MOTHER_FUCKER
